{
    "01": {
        "tmin": 4.13,
        "tmax": 12.96,
        "tdmean": 4.93,
        "ppt": 106.93,
        "rad": 6.184092675464078,
        "daylight": 9.6577272415,
        "nrel": 1717.803520962244
    },
    "02": {
        "tmin": 5.41,
        "tmax": 15.57,
        "tdmean": 5.64,
        "ppt": 102.14,
        "rad": 9.575556000082976,
        "daylight": 10.5846395493,
        "nrel": 2659.8766666897154
    },
    "03": {
        "tmin": 6.78,
        "tmax": 19.65,
        "tdmean": 6.24,
        "ppt": 52.76,
        "rad": 16.473222815429207,
        "daylight": 11.8139810562,
        "nrel": 4575.895226508113
    },
    "04": {
        "tmin": 8.1,
        "tmax": 22.46,
        "tdmean": 6.61,
        "ppt": 29.47,
        "rad": 21.740109469179455,
        "daylight": 13.0903339386,
        "nrel": 6038.919296994293
    },
    "05": {
        "tmin": 11.33,
        "tmax": 27.44,
        "tdmean": 9.06,
        "ppt": 22.52,
        "rad": 25.258268483616465,
        "daylight": 14.1362047195,
        "nrel": 7016.185689893463
    },
    "06": {
        "tmin": 13.56,
        "tmax": 31.42,
        "tdmean": 10.59,
        "ppt": 3.83,
        "rad": 28.44179260186776,
        "daylight": 14.6482133865,
        "nrel": 7900.497944963267
    },
    "07": {
        "tmin": 14.62,
        "tmax": 34.38,
        "tdmean": 12.08,
        "ppt": 0.18,
        "rad": 28.160318300892396,
        "daylight": 14.3562335968,
        "nrel": 7822.310639136776
    },
    "08": {
        "tmin": 14.19,
        "tmax": 34.03,
        "tdmean": 11.56,
        "ppt": 1.34,
        "rad": 25.035703175447246,
        "daylight": 13.3887243271,
        "nrel": 6954.36199317979
    },
    "09": {
        "tmin": 13.14,
        "tmax": 31.82,
        "tdmean": 9.76,
        "ppt": 2.62,
        "rad": 20.393404917313802,
        "daylight": 12.158249855,
        "nrel": 5664.8346992538345
    },
    "10": {
        "tmin": 9.82,
        "tmax": 25.84,
        "tdmean": 6.92,
        "ppt": 22.97,
        "rad": 14.574858312813962,
        "daylight": 10.8860292435,
        "nrel": 4048.571753559434
    },
    "11": {
        "tmin": 6.52,
        "tmax": 18.19,
        "tdmean": 6.28,
        "ppt": 49.25,
        "rad": 8.803230542742114,
        "daylight": 9.8185014725,
        "nrel": 2445.341817428365
    },
    "12": {
        "tmin": 3.88,
        "tmax": 13,
        "tdmean": 4.5,
        "ppt": 102.7,
        "rad": 6.466135628143366,
        "daylight": 9.3347291946,
        "nrel": 1796.1487855953796
    }
}
